name,primer_shorthand,region_shorthand,sequence
MiFish-U-F,MFU-F,MFU,GCCGGTAAAACTCGTGCCAGC
MiFish-U-R,MFU-R,MFU,CATAGTGGGGTATCTAATCCCAGTTTG
Dlp1.5-H,DL1.5H,DL,TCACCCAAAGCTGRARTTCTA
Oordlp4,ODL4,DL,GCGGGTTGCTGGTTTCACG
Ceph18S_F,C18-F,C18,CGCGGCGCTACATATTAGAC
Ceph18S_R,C18-R,C18,GCACTTAACCGACCGTCGAC
MarVer1F,MV1-F,MV1,CGTGCCAGCCACCGCG
MarVer1R,MV1-R,MV1,GGGTATCTAATCCYAGTTTG
mlCOIintF,LRY-F,LRY,GGWACWGGWTGAACWGTWTAYCCYCC
jgHCO2198,LRY-R,LRY,TAIACYTCIGGRTGICCRAARAAYCA
Ceph_16S_F,C16-F,C16,GACGAGAAGACCCTAWTGAGCT
Ceph_16S_R,C16-R,C16,AAATTACGCTGTTATCCCT
MarVer3F,MV3-F,MV3,AGACGAGAAGACCCTRTG
MarVer3R,MV3-R,MV3,GGATTGCGCTGTTATCCC
Enol F2,ENOL-F2,ENOL,AACAAGCTGGCCATGCAGGAG
Enol R5,ENOL-R5,ENOL,ATTGGNATGGATGTNGC
Dlp1.5-H_mod1,DL1.5H_mod1,DLM1,CACCCAAAGCTGRARTTCT
Dlp1.5-H_mod2,DL1.5H_mod2,DLM2,CACCCAAAGCTGRRRTTCT
Dlp1.5_long1,DL1.5H_long1,DLL1,CACCCAAAGCTGRARTTCTDYATAAACT
Dlp1.5-H_long2,DL1.5H_long2,DLL2,CACCCAAAGCTGRRRTTCTDYWYAAACT
Oordlp4_mod,ODL4_mod,ODLM,CATGCCGCGTGAAACCAGCA
Oordlp4_long,ODL4_long,ODLL,CATGCCGCGTGAAACCAGCAACCCGC
uCetaF,uCetaF,12S,GACACTGAAAATGTCTAGATGG
uCetaR,uCetaR,12S,TYAATCGTATGACCGCGGTG